P_in,T_in,flow_rate,energy_consumed,Efficiency,H2_out,N2_out,O2_out,Ar_out
101821.71415301123,77.92617754753164,14.84355436586002,292.56722152333276,0.8932482172502562,0.3309612328437268,0.42955878327084374,0.23237720691082905,0.007102776974600549
101186.73569882881,78.90941664047013,10.096336829127688,265.97628567342935,0.8985548132928448,0.3370585372411091,0.4118706591963677,0.24399934506383056,0.007071458498692737
101972.68853810069,75.60143242618086,1.4463036992017413,260.6360223315539,0.8920758007900004,0.2807442583918329,0.4571577559595283,0.2584037084976712,0.003694277150967575
102848.02985640803,77.56296923669058,-5.619367777055739,276.93251085178093,0.8969203847036096,0.30584630119810835,0.3975500375182717,0.29305182134649843,0.0035518399371213803
101090.84662527667,76.34935743087817,7.8322331361358986,273.59630754950143,0.8810638533304622,0.28498312667125564,0.4333635060196041,0.27203982617056216,0.009613541138578045
101090.86304305082,76.51287461623531,4.784853854217496,267.93543901345447,0.9021329370737294,0.31111720385481567,0.42277907243596885,0.26193530778950247,0.004168415919713
102904.21281550739,76.40760607576114,9.801932200277323,290.9277489491343,0.9000120547536222,0.32056098798755583,0.4441481775057534,0.2268068315772029,0.008484002929487876
102092.43472915291,76.13600923032018,7.201718016819695,296.1061041714102,0.8918291136893182,0.3104119916358171,0.41576181051640837,0.2691855966244888,0.00464060122328576
100855.52561406505,77.04852162794482,11.34552715319335,278.76813772583694,0.9065924566843241,0.30273598086580916,0.4693437127050153,0.22553256345948275,0.002387742969692832
101867.56004358597,76.16904988358897,-4.50235211560568,306.5506016211052,0.9093757013762656,0.3058537258319217,0.4166222553594345,0.2763489160568618,0.0011751027517818348
100861.58230718753,77.27045682577985,14.023940656343257,254.1662177173299,0.8839244013563102,0.34503079694248184,0.3696608877154172,0.2791942498813581,0.006114065460742798
100859.27024642975,76.94976189055086,2.8259960469239966,273.12681081440564,0.8923727522143379,0.3423892954178253,0.36631617272362804,0.28111223599933716,0.010182295859209482
101566.96227156604,76.76105195313359,21.602608726252654,262.6635535879439,0.892308576502127,0.2827204943980872,0.4356768315367685,0.27725057059118086,0.004352103473963445
99411.7197553422,76.0924363379584,-6.041878180895679,239.66926765853879,0.8906009689889114,0.32972215039281133,0.38873073449936907,0.27747629996079703,0.004070815147022426
99600.08216748697,76.42322866943167,18.209638031652496,275.346386283146,0.9082947484193175,0.33623718193563706,0.41632581096800614,0.24344749494939028,0.0039895121469664665
100762.71247075903,77.75539122582576,2.8291078346264777,274.56504983233435,0.898061738612272,0.30238147462769815,0.3994778806448895,0.29205941600827107,0.00608122871914121
100312.16887966558,77.50091718762438,-5.664180036144484,307.2689948648426,0.8973548515868939,0.3046884039315964,0.4104337827831566,0.2795769987566863,0.005300814528560769
101639.24733259527,76.02244475520145,-3.988858340543216,289.61623369109554,0.8799613763559325,0.34110085459087597,0.40062142833815323,0.2481555352631168,0.010122181807854007
100416.97592447879,77.09933230542923,-2.3534730819432017,256.5162635134159,0.9063541803020922,0.34467045934957163,0.44687318250919433,0.20289766574127724,0.005558692399956836
99912.69629866471,77.75138712337179,5.0916594640191635,314.08185132668376,0.8876074160514653,0.34157968456097526,0.42166004522199163,0.23112532488069493,0.005634945336338117
102790.64876892156,75.33059471887863,6.078354880354996,301.42067391050705,0.9005993263026633,0.27391818640303484,0.46659127256229493,0.2571273341492968,0.0023632068853734556
101099.22369951346,77.54336019237994,-4.88700003938579,288.64195406937233,0.902773769379582,0.30859811624602507,0.4017052402013889,0.2791943102017151,0.010502333350870856
101392.52820468793,76.33737624105416,0.6064540773901715,272.47031802300336,0.9136065859583865,0.30389992482106,0.4092111324527164,0.2836544830155357,0.003234459710688037
99900.25181378654,77.57059866859316,22.272703586118638,257.8112152655304,0.8869117960088089,0.31966986754961546,0.44478242089843595,0.2337804222034102,0.0017672893485384433
100780.61727547481,76.23674084345748,18.125431701007116,269.55586447857894,0.8698048784417918,0.3094030875281745,0.4384638841188588,0.2441295830946289,0.008003445258337818
101435.92258970987,75.19511789933549,5.213236696740321,298.7749723940837,0.901838495447537,0.31291412670718916,0.40507860261433254,0.27608375298652793,0.005923517691950292
100174.0064225777,75.37245756211684,1.230034781682003,314.6917261186922,0.9180051118151086,0.3248568497697096,0.45474277361010096,0.21555728026104568,0.004843096359143766
101700.69801834568,77.04808494666138,2.050313267182613,307.86487056544377,0.9123894635293944,0.32567336808966124,0.4278219694477526,0.2418216571381454,0.004683005324440721
100724.36131008119,77.25972250172148,6.985179727304166,267.22301156427454,0.9020965941527462,0.32723574399817573,0.41300136608523375,0.25190480786292174,0.007858082053668714
101033.30625020672,76.09568337489559,-9.377925651984055,254.60765133421978,0.8950836381436795,0.33855346391473473,0.39369878478469345,0.2648697224263693,0.0028780288742024074
100723.29338777061,77.63859245877737,-1.723765374233451,279.8177249382241,0.9080712259663731,0.3305945183718486,0.4253460209947547,0.23463129725010914,0.009428163383287542
103177.27818450893,75.33847993773104,-15.835840738775895,241.63121268874298,0.8902645380029554,0.32069736441821295,0.4601724403942538,0.21207947085013987,0.007050724337393311
101311.50277526207,76.93392020135268,4.842231226052792,283.46335428369565,0.9047635776935622,0.31960792271697425,0.42171452587333413,0.25294614905827273,0.005731402351418995
100267.2890710441,75.78898380023755,7.32195939702741,274.0479482740266,0.9050547015916663,0.3165255701470516,0.4204904600245824,0.25787525326447225,0.00510871656389364
102147.54491210319,76.34816389219785,-3.9818646229937396,267.67926996263515,0.9106020990749888,0.28313109165433775,0.4444966392109627,0.2688745993078078,0.003497669826891704
100104.15635002898,77.04739867131642,16.58986763290033,245.1059386546641,0.9275966003891108,0.33173310120358845,0.4281947939261084,0.2320029603563503,0.008069144513952865
101533.86359500476,76.13958663471605,-11.407656630023412,287.27200213139434,0.9039241596717877,0.2753376353221606,0.4529223274678583,0.2660752432984839,0.00566479391149724
99365.32987612023,76.61544445577017,-13.793748802098202,266.3459832067618,0.894910363742925,0.2818093863324627,0.4103924933598285,0.30361257566368033,0.004185544644028313
99996.81395110158,78.00629280921444,3.0945181855997204,253.60166328579425,0.8997442568780801,0.30953960110930184,0.4459649104571762,0.23710397115249873,0.0073915172810232145
101521.86123586912,76.42310813047685,11.320983026121544,219.554755734367,0.8823092409511089,0.2882918637619977,0.4123830351994183,0.2878468430045886,0.011478258033995421
102063.46657999541,77.83569211206515,17.689276914578688,276.44970189898726,0.8930528686891095,0.325124498924297,0.39826156219442543,0.2716469189793811,0.0049670199018966065
101496.36828118996,75.87029314534239,-3.7388426286894005,312.4450319333949,0.895907175618869,0.3461324862267228,0.40274119994616675,0.24118242607978194,0.009943887747328475
101209.35171761176,77.52980417791528,11.636808334312956,310.2251842909574,0.894759116020654,0.3274559244371437,0.4174353458152613,0.2506500699936381,0.004458659753956903
101023.89630441071,78.4415686206579,0.4649153049929279,267.85807486827457,0.9015235487203372,0.27651963561745213,0.4503685899283863,0.27156094625053945,0.0015508282036220894
99846.47800963257,74.52835549987272,-0.8762729994081963,264.9557587927644,0.891775800676178,0.25977494969928955,0.44598549744604143,0.2913857797206202,0.0028537731340487395
100605.15579160528,76.20310474452953,9.686599374866724,286.37548512150045,0.9112103066732448,0.2779738016671375,0.4067029705924683,0.3100616855728452,0.005261542167549067
100864.36122904021,77.57707212718054,7.373228784134196,257.03229121623417,0.900002070649182,0.2913018445221429,0.42317162755194293,0.282273698606158,0.0032528293197562597
102382.12222621891,76.79695461395701,-14.913921569842495,283.0358379963893,0.8999069967886139,0.3211120073597068,0.41938868671457247,0.2585503768241352,0.0009489291015855937
101668.61828956846,77.3711458733713,15.615403497258958,292.3216055676938,0.8967210528348708,0.312942324820839,0.4065751017092872,0.2699409434731631,0.010541629996710801
99561.95984463727,76.39601481328418,14.650913541474514,301.53866447768615,0.9015519068385898,0.31114153263916494,0.3915999680376402,0.28788926064046716,0.009369238682727718
101649.0839693948,77.0865897874729,-5.405627015095295,274.99691847040094,0.9082509826466764,0.29568819782393896,0.4157007479642427,0.27989408488458234,0.008716969327236188
100939.91771958368,76.84432276460792,4.8080353343740905,272.92652499646067,0.891328697842891,0.30139242401350425,0.4533807179730268,0.24244767197158207,0.0027791860418869573
100648.07799969404,78.1677820616598,5.790301862827388,259.44034826486876,0.8934188351092475,0.3214585255669906,0.38866782061114824,0.2876555822954432,0.002218071526417876
101936.67628884087,77.25442084330122,3.456737658239071,260.4623929192028,0.8969627397122334,0.30623146314468286,0.4402749212240789,0.2519086897201707,0.0015849259110675548
102355.99952249596,77.3376026620752,-4.653051538454202,272.47042216196945,0.8865412907652679,0.30083247020074244,0.43247632527373087,0.25845497246621285,0.008236232059313845
102256.2801191162,76.58812303387754,-5.866233679380516,284.3473101363236,0.891807421402785,0.2674282183506137,0.41838580125552566,0.3044002280727163,0.009785752321144316
100485.78247677736,76.5123937759275,0.5944592900855472,295.271692524665,0.8952377912645534,0.33202121864594636,0.4302857199425455,0.23209456238611656,0.005598499025391529
101015.78762414878,76.56744181218038,12.577290192593646,260.9364209863931,0.9087438918071273,0.3024006146830784,0.4391848953106599,0.25612258102335744,0.0022919089829042632
101656.26343140357,77.3944521423783,6.286001545944323,306.85377137919045,0.9026256132900192,0.30235863195976914,0.4627194561394642,0.22868303519311953,0.0062388767076471075
102300.54512712236,76.57901551917973,-2.8561433208610594,271.5775279791486,0.9019358991136754,0.328916746800369,0.4041441622663198,0.2630038289588605,0.003935261974450818
100845.82576215471,77.28977485689641,8.566987106483447,276.57265411303126,0.9085089796216798,0.30805627950159703,0.42050847823198056,0.2671119723169299,0.0043232699494924745
101139.34102333618,79.07540079864543,-27.635426206300753,262.0557664170435,0.898626282116006,0.3206950403334082,0.4278087857178995,0.2445805771207542,0.0069155968279382436
100218.66502599398,77.87112470343169,12.337657003721034,228.51519479454117,0.9039046484992889,0.28953678528470517,0.4373534052568224,0.2656936175476827,0.007416191910789629
100128.79337591933,76.67397646783216,-16.547137787780994,294.68090792722097,0.8989677824706751,0.3031329383758264,0.446832844169507,0.24796903213596957,0.002065185318697063
102137.5258223942,78.20121392216394,-2.7744094140313216,291.73687794184866,0.9026536234939964,0.3020543510749468,0.4228543490037242,0.2737798284771067,0.0013114714442224067
102681.24002857083,76.59192462697845,-10.346698946261439,271.3734488576357,0.8941724134238842,0.3434912808537131,0.382088632812815,0.2637288289290958,0.010691257404376028
101252.98987841967,74.96187546482214,-12.096814757209058,278.3398143444974,0.8756118284172357,0.3498753124015188,0.38317115638434307,0.26357233493541066,0.003381196278727516
102328.53289789203,75.9919136890826,12.458267873785195,287.31878435408197,0.898657208378137,0.286241187467,0.3977459071820511,0.3144224619001202,0.001590443450828761
101686.63602504763,75.12920807897414,-3.8270120131189134,245.74908286226915,0.9142274813609994,0.3177545553089456,0.4409762890366466,0.23840006911236958,0.0028690865420383524
100679.88024539487,76.6484865159587,4.315038817307157,266.4189464530741,0.909262154022416,0.3251002140024844,0.4366584611262424,0.23673344928605822,0.0015078755852150985
101686.39560550841,77.01841837918955,0.38079421120815926,292.88529359243654,0.9096539748459117,0.34036309121916425,0.39407341074569885,0.2609927445238201,0.00457075351131683
102863.03656646596,78.67643731227528,5.620408272231215,251.91421153661503,0.9123613072180622,0.2963241965889556,0.41491069055800167,0.28098504945381936,0.0077800633992235
101289.17396089005,77.32692737376416,1.6182189106025535,282.8711586433326,0.9008865759096144,0.30797417212319206,0.44640330219533086,0.2414879080954339,0.004134617586043209
102889.64365581401,76.78089947119113,-11.979922241885697,249.8683639075319,0.901973157074056,0.286255221635977,0.4825847014017029,0.22569014299973078,0.005469933962589428
98705.25489591026,77.8294055811835,10.8126681944714,286.32859964867055,0.8938234810456566,0.3328792108970817,0.4087922577620877,0.25073949996116357,0.007589031379666923
102146.90250437522,74.78886469099211,-4.087565831613126,276.2871703540503,0.8968392714397295,0.27931762915461467,0.44728489466499527,0.2674422451337881,0.005955231046601896
101412.04706823817,77.23561455810857,-14.71581898659751,244.6973636818898,0.9061577114977114,0.32028818820207827,0.42577426987399597,0.2440563929288603,0.009881148995065498
101025.99264953414,77.77086519388696,-3.4311516096591252,300.2947870891434,0.9120388443716881,0.29107800782654863,0.40647733469445335,0.29275874552172465,0.009685911957273377
101416.7607765355,75.52141375422016,15.857597906343107,262.308168464039,0.89860553724319,0.32290960547821873,0.3727367676003984,0.30325179791206275,0.0011018290093201674
99337.4310853991,78.14375404320693,9.35221742113493,260.7949512597124,0.8954981073514859,0.2980413372261193,0.4231338563152726,0.27001169189509416,0.008813114563513951
101105.32811216249,77.33849640749442,-2.636521344078592,281.01138394461884,0.900005279588566,0.3133783860245331,0.425872636632992,0.2551718252539016,0.005577152088573368
101682.11257151175,76.5847120860992,-2.642577043184288,299.97274698857433,0.9060120674892912,0.3320523441178087,0.42350988203657913,0.23475730107751505,0.009680472768097014
102802.89404474152,77.63278186610628,-2.366350512173826,256.68356362043204,0.8855614518386646,0.3184229229670628,0.4262283473493884,0.24905038210828634,0.006298347575262445
100806.72978172635,79.27069285780439,21.61747983560841,278.2335969969594,0.8770381904686276,0.2941668948330986,0.4141807596855811,0.2819875704210269,0.009664775060293583
100516.50639710682,77.1818662550585,4.669354522315533,285.57633000661144,0.8944946315050842,0.3091314610781834,0.4269042735804802,0.25571398272753737,0.008250282613799054
100823.24295641546,77.24822058630033,5.150416471910696,290.86211214526287,0.8877928757408584,0.28858644908036984,0.43411272754436075,0.27359059130678215,0.003710232068487311
102240.40211770208,76.54063910045976,11.152834540318421,280.5288311055445,0.8949185980235269,0.32915325051340205,0.3991333403887728,0.2658700300776237,0.005843379020201558
101653.75110965969,76.15015563053521,3.2378915902651353,269.65944321833354,0.8985221968118253,0.28832272581239876,0.4264655811693983,0.27406817866399646,0.011143514354206543
100795.23979623296,77.83033581654425,-1.740421458207031,260.4481955870256,0.8954675159097699,0.30331749912379424,0.4177225308880503,0.27006949544994996,0.008890474538205618
101838.26743311336,76.14391617409113,-1.1134984908497825,278.7228776609275,0.9145246753447075,0.33727480370871005,0.4334942483486881,0.22716333631325938,0.002067611629342381
101422.07754934805,77.07156623721939,0.13398740585936053,255.55721976028786,0.9032674476460232,0.32318025083141516,0.3785492529420948,0.29067003127776764,0.007600464948722387
102293.64499053289,76.52234255323488,0.4777776349015841,218.57299033010787,0.9030047435961083,0.3258087266667783,0.36953604661488554,0.30045548060194677,0.004199746116389345
100622.94690612264,77.47897982574639,8.126295436369798,285.73119608315335,0.9062220714404341,0.2910632266354469,0.4277979576174859,0.2800152300621352,0.0011235856849317971
100997.33785340223,77.33366210528695,1.3694588580729943,295.0786968217239,0.8886116688221923,0.253193801528417,0.44409287527120717,0.2980414760279453,0.004671847172430589
100932.89184686785,78.0375399442579,8.176400772155793,229.74135128916322,0.9103911178742027,0.34848184406115074,0.41556472003796047,0.232588243759368,0.003365192141520852
99861.48505186789,76.48998360114525,0.042834198914176835,256.80538590580124,0.8992423571346454,0.3088227140874289,0.430630586518192,0.25203193000285007,0.008514769391528926
101621.12027706458,76.73012506470663,1.636351903160906,289.38308522010396,0.9067048061724121,0.32910482627888155,0.4102479722026542,0.256665750241111,0.003981451277353152
101586.05527217989,76.0212362842177,-19.132006845321076,318.149909394234,0.8892814276695985,0.31877707041967035,0.4253275855262299,0.24778747774658658,0.008107866307512987
101330.11345664246,76.55570673992389,10.013276747024815,277.4158741535082,0.8844624123398394,0.3318166904309924,0.4288464686423348,0.23833902519331016,0.0009978157333626184
101090.41286662486,77.37730049304486,4.314884758979927,262.4399411754173,0.9081788965802503,0.31663733155559715,0.43135618274785614,0.24800714639265464,0.00399933930389203
99909.6292579496,77.75698861664536,10.830101098596522,273.3420711779032,0.9037640952609752,0.3097136556975049,0.4543606050622834,0.2324604185986867,0.0034653206415249335
100904.35467723465,76.07783467582237,-28.112553781936892,304.4975283829637,0.8909794844564249,0.3254873119323292,0.43493655579928425,0.23650859962162493,0.0030675326467615484
100982.28548347323,77.86960592010566,21.733747047807277,264.0807164175093,0.8913033691872531,0.3268462255654191,0.4318590243638847,0.23950765241419156,0.0017870976565047077
100522.72273077838,78.35563785880495,-0.5458962815517375,261.01615986699494,0.9112543478441477,0.2894308874618018,0.4127506787122249,0.29492339557488667,0.002895038251086625
101163.71428833398,77.4134349032237,11.931828167375164,267.3451295563593,0.8881058810713267,0.3672813617134147,0.38434141903865704,0.24180885725285234,0.006568361995075853
101729.05085681455,78.87679581255807,-9.54905927125531,257.93342783482575,0.9164267295325597,0.3450219103706058,0.44130923658857113,0.20997414979380735,0.0036947032470156845
103211.18590121053,76.22621080089642,6.977739050625696,279.4534063198959,0.8909937926535213,0.30062257833373696,0.4358856673152523,0.2586711949465338,0.004820559404476785
101499.57781283183,75.75534529668859,-9.684155631736562,309.4935691693912,0.9063839192560839,0.2920525601777368,0.4087006567162436,0.29426702175479347,0.004979761351226051
101582.55039072277,75.22127975109572,-5.387689606958052,283.46158546232056,0.8967138152425101,0.29095229918769744,0.4107487748803511,0.28934904049944976,0.00894988543250181
101250.55408423384,78.49604431148919,19.990313538667863,271.9529299574742,0.9060318743108234,0.3324823886862888,0.39895234732382434,0.25935863017727895,0.009206633812607883
99406.22878470096,77.65436565635406,-1.0568240076334656,271.16377462168913,0.8945588599788581,0.3611098539591956,0.38413824728932894,0.24898074988070973,0.005771148870765892
101298.48612455078,76.94441532908955,3.0243287317972287,245.73618382606685,0.8983720709392771,0.26962557054229125,0.44686071569518865,0.2795529120427326,0.003960801719787409
101385.23020994103,77.27996862631981,9.550677306887541,294.6621955429432,0.9004091917539573,0.29033038056905014,0.42014030282711906,0.28731114895596693,0.002218167647863935
103788.24211248528,75.87451095270163,5.8068188797260465,275.443256059744,0.8899781254421852,0.37033686715053543,0.3911582019632022,0.22799947983600685,0.010505451050255481
101132.63903521888,79.44575197961683,2.3541890514357644,273.3904017281875,0.9074082434542012,0.3020644921559535,0.42808398970291384,0.26823943435321856,0.0016120837879140743
101626.54734233361,77.12922118197523,4.499610024662254,340.86215135689724,0.8948678643352842,0.29747008806935155,0.414541464162891,0.28439070097087255,0.0035977467968847897
101290.28823029475,77.1093947946049,24.88415585238275,282.9750581673137,0.8977140008465998,0.36762722864427533,0.3744514852920427,0.25401760439957427,0.0039036816641078256
100156.32196238046,77.72576662389869,0.2738120296641461,261.9641789980963,0.8900565062539149,0.2832713989934664,0.4589970986230978,0.25344516558426333,0.004286336799172418
102467.82281451502,77.4810092317367,2.860990467149675,268.47284807588915,0.8743766634120469,0.33675937718762516,0.4313135133013701,0.22927589832332682,0.0026512111876778495
102076.93303268678,77.22388402427913,11.35654396007612,299.9689141839351,0.8980897223739983,0.306102205294383,0.4284857006258287,0.255841199454986,0.009570894624802272
102116.03194704304,76.2095255445547,11.905259329579838,279.2654082107553,0.9241261542161292,0.3194330479614179,0.4079771073546924,0.27025421924881127,0.0023356254350783852
100415.61254520527,77.47146835713599,12.720303055603802,248.23444043365265,0.9078460428789803,0.329241939409383,0.40539434910607136,0.25867270928874403,0.00669100219580159
102727.7943109361,78.88202449647504,7.237302220291846,295.3845786915041,0.899807396202656,0.3321566976933557,0.42986110251436144,0.23558782470624046,0.002394375086042593
99923.14893720772,78.34542004615498,-10.580049127304836,263.6371182892201,0.8973710917079174,0.3210953207427528,0.4075058913809353,0.2698977700962489,0.0015010177800630208
101911.85709380027,78.5931866266394,17.18431532301096,314.46595552435093,0.9002246589281205,0.29918088704580964,0.4223796966393269,0.26945647103121523,0.008982945283648255
103515.45562580998,76.48878432356881,-10.61345393018688,298.600961314293,0.9054711911517521,0.28443536279413795,0.4520424548461529,0.2607887362736599,0.002733446086049257
100334.46367486932,76.01039517974142,3.8763546523903325,268.05356208682497,0.8881918718469116,0.28961591841009426,0.4002999849942175,0.30114975646379327,0.00893434013189487
100758.70227039723,76.87421307990036,-6.692758500193579,302.62032723470224,0.9111432169466888,0.30134111673288433,0.4725142284695051,0.21990573046957415,0.006238924328036437
101424.65136508764,77.0557249122887,0.20861653407007452,278.35711021054806,0.9071538131544125,0.3089538401283631,0.42282183869193857,0.2663951327022743,0.0018291884774239624
100821.5243458838,78.09419151847095,4.1376241030348035,294.0554735024444,0.9071818572570793,0.28096969032670294,0.4208472800298006,0.2876834649938448,0.010499564649651825
99774.33656893387,75.30753537028518,4.06357215450273,286.6946563458895,0.9043847573880973,0.3091945984522038,0.38254766040743865,0.3047853579261393,0.0034723832142182034
101393.56297480603,78.52955031946061,5.0692075423528475,260.07286690018253,0.9001961665769399,0.3157529390968648,0.37844325435359666,0.296497292177936,0.009306514371602525
100262.6962862739,76.84199210142101,16.98711269058647,264.1290033536508,0.9067286123596682,0.3316593651790148,0.43140953402265214,0.2343384413776652,0.0025926594206678423
101798.59243063518,76.57311893005259,5.385343015139798,297.5992163516232,0.9059181413374138,0.311241077581755,0.3902361894428713,0.2899591863802493,0.008563546595124406
100405.5757657662,75.98789562473983,-1.591566352906487,270.3044933578692,0.8964595928905897,0.35374578491913505,0.41082505214178106,0.23419547198531604,0.001233690953767856
102874.93440501754,75.34514332813423,10.490871682883572,268.9270307351601,0.894263982271031,0.262558891522405,0.43062315532196827,0.3009499385348821,0.005868014620744634
100541.74670766377,77.82317058396191,12.744704889246405,257.89754841301294,0.9010185629526198,0.28544780811428805,0.39417815593760636,0.31205009944154605,0.008323936506559389
101002.93848379432,77.0733179671884,-11.426078151369925,285.47198131186923,0.9154902015149519,0.3324379010711292,0.42874595250663095,0.2289186020961145,0.009897544326125262
102138.51721736966,75.71003910025894,6.82400069849858,318.2504983848629,0.887608929243461,0.3089945972710718,0.39962429667982746,0.2818722198621569,0.009508886186943842
100094.13568356604,75.70492122793638,7.861727423108983,255.64934171491456,0.8853247473424756,0.27983207563932405,0.48292104180098583,0.2278905762338554,0.009356306325834726
101552.45993460414,76.66421530070987,-2.1256350335999192,277.4843891334552,0.9016476084123652,0.3265133184420243,0.4269230227571119,0.23767706529382848,0.008886593507035247
102632.14275428242,78.6690215252894,14.607068133116195,305.24441110830855,0.9005088770185602,0.3341520237327863,0.40608524720576583,0.2569111150168724,0.0028516140445755613
99717.51676543878,76.74040864863639,-0.6505558703252673,275.4071721750857,0.9017334166437041,0.32036487314432266,0.4046907952948237,0.2712055121767346,0.003738819384118927
101509.63385853231,75.4968570468819,2.1057645347154224,286.04743592499466,0.902439531979085,0.27299991362054526,0.41086832616081825,0.3123016047481478,0.0038301554704888263
101584.88279424842,76.75425693591406,-0.880718242838696,255.75212943706242,0.897767977453652,0.31749448409815223,0.4185012440694449,0.2597339490184828,0.0042703228139201
102106.82287177732,76.72727643025233,1.0057904758146754,285.56614194415295,0.9148986343860208,0.32671407069678415,0.40558893249967853,0.26288706681394775,0.004809929989589532
100088.04928912192,74.30311335705842,-10.112750868952018,273.25711469990904,0.8839909602152348,0.3328659618192029,0.37618362943675776,0.28496544438544086,0.005984964358598535
100004.54338691573,76.94570513348219,-13.550508825942943,296.7145999135973,0.8917150297521975,0.33142682319305744,0.36536110345090983,0.3007262624867619,0.0024858108692708404
101846.9415656169,76.76906546979133,16.795050632249723,300.74772103129504,0.8989674523985095,0.3527350923624598,0.4236121667157575,0.21594103611799254,0.007711704803790125
101621.98467323318,77.69620636481342,-7.619613483183278,328.7912728403723,0.8835681118884583,0.3015673203707079,0.39790513478118616,0.2980213863690519,0.0025061584790541736
101575.49285034588,78.84895609494535,-9.063923494563072,288.59266346427154,0.8982414559556793,0.2899768826980291,0.47674563003361065,0.22911202407639839,0.004165463191961792
101671.44820949697,78.12656502954776,-20.683901136037147,283.51592633164336,0.9166147016572802,0.32484431294131777,0.38119306208699644,0.28829774217687537,0.005664882794810532
100644.97527842151,76.73111130944517,-5.539617476895023,280.8876860315467,0.9002088648829596,0.3332600661730012,0.4144817414827378,0.24353497669880966,0.008723215645451267
101557.25369716101,75.89347409125833,-12.380897934074984,269.9366741437862,0.9023070090571869,0.33221880839832535,0.4414625687848477,0.21847466693434545,0.007843955882481496
101618.07247329869,79.57335980324986,17.270151601363693,283.7696768692338,0.8873983523482742,0.2809969699490188,0.45504842016071867,0.2567874898989353,0.007167119991327345
100610.64858197363,77.05921843401448,10.948170893426342,271.0919717972194,0.8938363859196052,0.2914254664218194,0.4200686502519072,0.2859084860569652,0.0025973972693081986
103190.77451114476,77.01392929191294,-6.031503451777239,280.3692195253923,0.8962480361967606,0.34632345990857555,0.4044164939332617,0.24320940483924844,0.006050641318914433
101798.8329209118,76.97587491288999,23.37435805344309,303.3519507121592,0.8968228490324377,0.35613465858959464,0.4167665154209228,0.22514059959955787,0.0019582263899246433
100133.69650279735,77.19808476076786,10.667654869915943,256.86914869440716,0.9128164379500378,0.3250821379299578,0.4227839832762788,0.2479406493865507,0.004193229407212677
101981.55360863383,76.85563958807606,-2.3983138350862245,299.7975712225809,0.9055769106072513,0.33160907036222803,0.3682356317952439,0.2953505161854952,0.0048047816570328606
100350.31832977268,76.42633799311976,-24.14405714873573,303.3423013467973,0.8888854204306297,0.3119709833335367,0.4466037478562919,0.24005707423587838,0.001368194574293014
102112.08460374245,76.45314105875961,23.75942572590742,274.63862946017844,0.90246504778432,0.3289327074578537,0.43631978562230095,0.2311330568353473,0.0036144500844980925
102483.59557900741,76.96724672978401,-13.04572466763596,234.5629020198281,0.9049822174849679,0.3402982871070082,0.4048053448253058,0.24525627406268197,0.009640094005004107
100504.31768164829,76.45657522886623,-15.603987469568919,264.8435602581113,0.9114014903852127,0.3516363530072894,0.4034716848441287,0.23394738636770915,0.01094457578087266
102288.37612924432,76.28715421732284,11.075704320096403,302.9398909312222,0.9158054068656838,0.31417586235951145,0.39874850637529263,0.28289221472619797,0.00418341653899797
101737.7809269365,77.1064302276919,25.24752406339273,276.54263875402233,0.8898490580817213,0.28247034431008416,0.4155214107646274,0.3005324523257216,0.0014757925995669441
102147.0601599945,76.74502278257914,14.692728185105182,257.01395535410177,0.8918914248878966,0.3215307525970951,0.3958391473433333,0.2798062474216022,0.002823852637969345
103221.79298265395,78.5039929885827,6.489091200523596,266.90450157543563,0.8874242214108539,0.32917083691615967,0.42537310541164863,0.24082002947395179,0.0046360281982398945
101079.61188399713,74.34903019160699,6.797543416652859,293.81240053009105,0.8976598014089302,0.27334460661408916,0.4410646913158484,0.2761896457924251,0.00940105627763742
100571.26383564252,78.09150685192246,9.384155587803077,287.93467136402757,0.9046635837444633,0.28926365455778186,0.43483828777504846,0.2734672816375056,0.0024307760296642497
100435.48557037448,78.24608519249763,8.439285897867652,272.22135801660613,0.909873345165891,0.283274135676824,0.424308485506653,0.28449282302874174,0.007924555787781272
100509.18971503456,74.92660976759186,3.661914239693758,269.66351176370625,0.8992404897635748,0.30593037640845355,0.398211614107021,0.2936505542614681,0.0022074552230573873
101247.8982905859,76.65731240591965,1.8920110395187608,269.1648370191236,0.8968015247674516,0.2853208123229606,0.411722983056111,0.2926240869101389,0.01033211771078957
101666.15197481665,76.6285591340042,0.22406872100477582,258.55179631002994,0.9015175799224874,0.3184683498836529,0.3937622057433669,0.28294094741162484,0.004828496961355345
101601.69079933001,75.59248830528217,-6.689645888666763,309.30751378938885,0.8916485709836998,0.3402888493242836,0.4106821836418318,0.24106344325377901,0.007965523780105583
102152.18324903602,76.22218331240913,-1.9567507686677406,270.5535906157732,0.9208953872169477,0.2879133728631256,0.4249660860402874,0.2832109333785525,0.0039096077180344885
101338.00189187791,75.88942415453417,-16.079568141953853,301.3431704165099,0.8839233897288195,0.2842164014479377,0.44005972021777534,0.26869331105618477,0.007030567278102255
102778.53407715731,78.75227044342363,-0.13339626794749893,307.42632103844903,0.9018474057889573,0.29329944689103127,0.4070958048059635,0.29649969534711,0.003105052955895245
101060.34316676205,77.93567839314746,-9.035911071509174,296.9662179629592,0.9202360621922964,0.34387785164364726,0.4147276519609588,0.2389046355588071,0.002489860836586885
104045.16916658962,78.27155509499416,-10.18589317215771,268.36759374563906,0.9000679984456,0.29862611548703405,0.41960399215881344,0.2719884251183339,0.009781467235818632
101950.667347765,77.72167206404323,2.6489415115347845,285.0746018067322,0.898099609649985,0.3359037456915524,0.3946926037416842,0.2600411206350873,0.009362529931676161
100467.84244358372,75.87094822878277,14.770022863445993,276.5160878721817,0.8964255457718957,0.32345969617536535,0.4436633636047177,0.22367613726989893,0.009200802950017982
100254.10750193888,76.47547973372022,10.03316606002313,258.9259627853974,0.898196083182376,0.33853476730784743,0.4431308101988449,0.2115263245167243,0.006808097976583317
101807.47241524319,77.48937456122792,-14.85500603623177,283.4871856344321,0.9137284847467653,0.2896228862259869,0.42961888535380166,0.2721128233447096,0.008645405075501864
101101.53721467414,75.77787219110806,-9.046281365703376,253.41920417680396,0.877881380886705,0.3242381587557504,0.39341530907165123,0.2806997942733929,0.0016467378992052954
102039.00049409209,77.71299843017239,10.257711879882159,300.7535877692313,0.9153343370129633,0.3043138897407682,0.41344985225123887,0.2778179689221238,0.004418289085869144
101798.23762457355,76.75967460184187,-8.974873935383096,267.70765405403216,0.8857604284754985,0.36939714586125294,0.3873140908480052,0.23918205095076406,0.004106712339977752
101252.17108734313,76.6251791924504,-1.396331499970246,281.0231931174568,0.8973334767076558,0.32250628584561103,0.3963904249362367,0.27419243420416267,0.006910855013989572
100478.20628193159,77.7109599682035,6.350520990245519,282.66575743092284,0.8957075557970134,0.31879990899528765,0.4416759888527416,0.2347795170487697,0.004744585103200999
99810.15277531414,77.44426331148604,-8.833444548636352,271.82190052591847,0.9058855326977072,0.294299115450091,0.4437392054053776,0.2594787583991924,0.0024829207453389047
100878.48504793298,76.63903383418092,1.903755061459599,288.7338760295055,0.8840187564811626,0.29648374825015855,0.45814212003042903,0.23835770508495016,0.007016426634462223
102181.39879432347,78.15932980336424,-12.490254949182045,267.5019268675495,0.9046217266608194,0.35368281240872546,0.3952512672562923,0.24184427317869892,0.009221647156283432
101539.09374413021,75.91893667240011,-5.1636764395121375,294.4259459491449,0.9202430962328686,0.3068299218596984,0.4396127736431679,0.2485473938876495,0.005009910609484233
100079.261221288,77.61593560694426,4.047819341425369,250.08040639506504,0.8863682599540719,0.33697001845327795,0.4008166522757085,0.25982873145507107,0.002384597815942438
101498.18092585118,77.59310125796839,-15.079937335316693,279.52759159092824,0.901897061676104,0.32523970534903934,0.43019808228233536,0.24130327584126757,0.003258936527357655
101710.31737972883,76.69045356068601,5.254747379603989,315.7785799811657,0.893380178222034,0.3187970660599309,0.4362886711972432,0.24175111373074396,0.003163149012081987
100441.14256379887,77.32613302224212,0.6536220107331878,256.9933735078885,0.9042588720619303,0.3524449510413166,0.37657702322619757,0.2670451594057166,0.003932866326769131
101478.72510594553,75.74888642361469,6.374899544171477,263.445100589503,0.9001914777741575,0.3362644869559134,0.4020353478996904,0.25473985608899236,0.006960309055403996
101383.208718446,77.9240270192069,3.089141340646614,287.2781569931783,0.8935851309095569,0.34778985709377724,0.39123648880544115,0.25413858457875493,0.006835069522026623
100182.02970216938,76.81509786355701,14.491404299738441,280.59163563879196,0.9048787228487107,0.269341995395194,0.4388613706114872,0.28451651517944465,0.007280118813873999
101682.78736034829,76.47727697948096,2.1022450264790726,284.0126019854712,0.9180434810978675,0.29302325145971503,0.4592853176219434,0.24286596303564886,0.004825467882692779
101885.78452636824,78.04900922583688,-3.44405541125253,286.7837426029533,0.898090962082727,0.33601747165335405,0.39194408989795937,0.2631982972273979,0.008840141221288698
102408.05124317527,76.29565630945724,2.0729750303228376,289.6944293712354,0.9071975794214818,0.32008574708833654,0.446640463266887,0.2301081487971324,0.0031656408476439524
102378.80205203491,75.59153870363645,6.282980290363879,299.19399683912445,0.8870672704212884,0.315740547884206,0.45562553614821033,0.22301180635292578,0.005622109614657881
99947.33063204291,75.4433708264761,1.3386007032570433,285.19637313857027,0.89043563623182,0.2624253013996174,0.462210213336193,0.2668541032556349,0.008510382008554628
100387.17496008487,77.60600995134564,1.2559169120388238,272.17484690762916,0.9047240627788038,0.30417756132396406,0.41009053867891704,0.2828424003255223,0.0028894996715964137
101840.03526720866,75.71957064750372,-6.1699168780675535,290.4514740240546,0.9148411602853597,0.25807021207389536,0.44675904878662576,0.29314505904533306,0.0020256800941457795
101838.7859509122,78.75479418198437,-5.779009175509482,314.99763869790434,0.9035561334878566,0.3230302697802084,0.4238933727471162,0.2445176676025467,0.008558689870128531
101840.04768630605,74.91807059211628,-13.176052717996935,274.34732507234855,0.8968694196947685,0.27000681714511604,0.4346668718008418,0.29130448313316337,0.004021827920878745
105177.73149065473,78.69645636829004,18.345767431869394,257.50941390658716,0.8999929140542335,0.3282872236729462,0.4440477522278132,0.21998239207231798,0.007682632026922639
101895.89051069316,77.21101746720262,-11.588632353912852,299.14161338573945,0.8874959226603029,0.2892076057951778,0.4704156249376344,0.2389778343280585,0.0013989349391293887
102460.5656401806,76.90328688812961,-6.0790519779590735,274.59237672092803,0.9060451532635537,0.34473859725206096,0.4248980743932685,0.22251416337371135,0.007849164980959302
102279.0017634932,76.45508091319105,-6.334072655691974,233.54660907971927,0.9088233306232341,0.30357903491639904,0.457288820503963,0.2349974534420226,0.00413469113761539
101976.3912513058,77.39913611435207,9.799243769444413,293.94843354300843,0.8954790966716693,0.3402853326638398,0.40371478855814985,0.2544960305146998,0.0015038482633104697
101009.73075535965,76.96236529757515,-2.0994967829202777,266.2934362809215,0.895299578522405,0.32971140205686306,0.40652329306839735,0.25745126484371694,0.00631404003102292
102083.96922049327,78.10330188201652,13.327420726737339,275.18933435391676,0.9026587822965205,0.31992851220003476,0.4448482871994195,0.23163670735595693,0.0035864932445888458
100552.17478546243,77.11422764866204,-5.884906242438685,283.6396066113803,0.8956328026395941,0.32014344090171504,0.3983244382135657,0.2773137611392563,0.004218359745462977
101088.18139325999,77.15030176146188,3.6399416222380196,280.8099935955813,0.8993386738537418,0.32735415168061377,0.40491128756664985,0.2661191864605767,0.0016153742921597356
100839.6364521709,76.63638778778615,-7.503470532597573,291.1890363427808,0.9209972178916652,0.35789063453791875,0.3924397782078327,0.24716792772534157,0.0025016595289069662
101406.87413938632,76.94305437627894,22.301491277733884,268.29027258860316,0.8975297429925401,0.3415990024382616,0.44250564957261534,0.21213527051758,0.003760077471543214
103639.6585666735,77.30780176889206,-11.025984190295128,287.26211596352164,0.8964165984797878,0.3062187639370454,0.4500584496705152,0.24170899448816627,0.002013791904273227
99457.73480740825,75.28983160734337,3.9482071022702754,271.80906644832163,0.8935245819436485,0.31915049537036594,0.450678062857061,0.2206308167885026,0.009540624984070399
102011.26019037451,75.65181457789429,7.187768809320985,291.77620961775006,0.9074419197149994,0.2973981959293322,0.4554131237009916,0.24596720645339906,0.001221473916277112
99712.28412881035,77.74326409402272,4.987990974514982,289.30734968026104,0.898187758267819,0.2868559103779618,0.42880958740083314,0.2784150881203438,0.005919414100861179
100853.06813421057,77.17086543812795,-1.0028765887770827,258.2912259591081,0.8935062696167858,0.3436724648815666,0.4336614388585791,0.22059434566673852,0.0020717505931156155
102413.95059696736,76.81601666364732,-0.4482069973342616,298.71964232350064,0.9132130403227301,0.3149936317571791,0.4180209523238488,0.2627852116789301,0.004200204240042015
101389.28001909546,77.0184339330654,1.2881147197910958,266.280731097719,0.9141960300451364,0.304272485031243,0.40694256098461074,0.28004086019539504,0.008744093788751316
100247.2552220707,77.34758170536168,-0.6200200162848862,293.1611559656229,0.893995764342613,0.3306813071186055,0.3984198911525318,0.268443440843578,0.0024553608852847723
100609.69629074003,76.46024031969064,10.488791167949097,284.3457462680268,0.8813346004863939,0.32232822440530395,0.3853029452660351,0.2830652516382703,0.009303578690390717
102004.59774893467,76.22169527459769,22.955230015913514,313.76367353590246,0.9100751368983693,0.36905812488908707,0.40185692793886474,0.22607545383157276,0.0030094933404753474
100594.63336828287,77.19584525509768,-4.724917850078336,272.53068035256297,0.8931537017423999,0.29562952483852356,0.4392168791357882,0.25687822867219856,0.008275367353489686
101541.45858958198,76.02162722238496,-12.848029795790778,270.01366407763607,0.9079062559916277,0.2829057635229697,0.4259940330591594,0.28450729866214813,0.0065929047557228325
101370.57183990382,77.40825275571447,-0.03282048351254818,276.6116078822453,0.8802989618228817,0.3378497885994174,0.41073952572575123,0.2410120625332733,0.010398623141558181
100673.39965239419,75.29741639576216,26.647093376543186,270.9364043433145,0.9089259733829931,0.31065928325403064,0.44554009183592524,0.2367301664494887,0.00707045846055551
103468.94408932532,78.02915563732564,-7.186745679697308,292.998838038841,0.8878882807071922,0.28803530811289974,0.40039272212819665,0.3049363628225292,0.006635606936374386
101958.919022318,77.47259748241304,17.241168054440678,244.67378783126824,0.9073076411906653,0.28580853832673037,0.4474688964780589,0.2639657017112362,0.0027568634839745397
99299.8574133424,77.25602973431387,17.62700814076441,255.92635161707292,0.9001427306783644,0.32240181782449645,0.43845303989108114,0.236694472977658,0.0024506693067644536
101511.45431476943,77.98269098394552,-4.685882417079946,255.64394156841615,0.8904606058060336,0.32128592540883977,0.40814899720065834,0.2608742541480809,0.009690823242420968
100663.21353523161,78.66547444446257,6.539830791852753,296.0061518394715,0.8959296368707322,0.29620357770876954,0.44527459320971824,0.2543616528824723,0.004160176199039756
102177.43333479622,78.01437006501813,17.13396623128538,311.2122674516385,0.906863184569567,0.3478680024323626,0.42412423347456846,0.22321187450098176,0.004795889592087225
100532.47926156729,75.15912576866836,-2.941277409874871,274.9110156292506,0.9010589445311523,0.2932335686385396,0.4476926765684484,0.2506606124088303,0.00841314238418156
101210.2635585331,75.7204230332643,-1.1858036010236175,273.6235655361998,0.9058441298047248,0.27821993319284766,0.47640204345844117,0.24089729129929438,0.004480732049416823
101829.98727898045,76.37518142230432,-4.966809139486438,278.4010432622636,0.9197644058451548,0.3295589164953952,0.44893061394915473,0.21185034836651664,0.00966012118893351
102190.75519417012,77.02609105021084,-9.297567306928668,300.2375660521638,0.8843575838828895,0.31060110869113217,0.3878072633052056,0.2939936543775455,0.007597973626116783
100124.70359294422,77.51765902046913,-5.642775450660071,258.4529373161885,0.9161721257496862,0.31956011721923655,0.4195721130340376,0.2546212887152072,0.006246481031518703
100990.49876415906,76.27425618684653,-11.389402667622566,281.7673796546957,0.9010435593752322,0.2783067801355807,0.41280386304339384,0.2991028294394265,0.009786527381598846
100850.05468883904,77.18676676447708,1.1908346825922607,296.50395259564857,0.8910121595167687,0.3285446064241195,0.44208018410847905,0.22795115386814824,0.001424055599253337
100671.67076742629,76.24461706764667,-6.849732310586418,287.0218833987969,0.8866968637426101,0.34387909179877507,0.3886610881808612,0.2638071324490464,0.0036526875713173146
103090.45424028109,76.38848219700805,3.187859117907477,280.7916323319749,0.8981087960922297,0.3239733589564837,0.4339740251638078,0.23656880587237494,0.00548381000733356
101729.98171096096,75.59333890315177,-14.708956462036273,297.02092185134285,0.9092165011192446,0.33199909437653996,0.4419592940751648,0.22280854306448283,0.0032330684838123205
100064.11604566495,76.07676675388909,4.15880232214457,222.93535414001525,0.8987245087962247,0.34301333668243117,0.42698290478706424,0.22215834223821748,0.00784541629228712
102242.86194705477,75.64831539438367,9.185289616089246,290.55750639061813,0.9151115493024735,0.3216374059903208,0.37721931340251225,0.29148158986712225,0.00966169074004477
103447.15619701263,76.02412674702266,-19.087356425714553,263.9184863374515,0.8854882430994845,0.3007223696138357,0.4332316426777601,0.2613472532828246,0.004698734425579671
102357.46526055115,78.05364179660783,4.5905656984757215,240.38734206287086,0.8998791105215395,0.35766682542070544,0.377186523873016,0.2609669707976797,0.004179679908598933
99805.63003404599,76.05060111116806,13.126689924732922,287.2240519904996,0.8874760655558689,0.3272729557086731,0.41430073193653266,0.2487249286196871,0.009701383735107129
100840.76592713375,79.63238206483739,-11.246410186912055,304.47317090325913,0.9036363188262497,0.3052982466915658,0.38627226072776566,0.30323758328231804,0.005191909298350552
102591.91114918662,77.4933179008809,17.575723868377036,274.25102970744615,0.908868873900973,0.35086639683481624,0.41648237065660987,0.2267424465113724,0.005908785997201447
100617.33053438122,77.18483612369488,5.040190093660452,296.05749094405877,0.8957923820631895,0.312081413089343,0.43707987717937524,0.24634003118181103,0.0044986785494706555
101768.81942814623,76.14164221981879,-6.200118557584089,309.2455651597729,0.8739578614337287,0.3002768123231164,0.43103555627605883,0.2585797181031699,0.010107913297654869
102099.63405342934,77.70030987940899,0.29230922342293986,303.2982890716809,0.901989481467965,0.32256490488538386,0.38124533228388074,0.28981460952825017,0.006375153302485152
100398.06952842191,76.42436217376222,6.433269125217223,309.7992905874279,0.9043673855173351,0.33708013400910236,0.3609492433752803,0.2942426044822273,0.007728018133390097
101265.4746439382,77.12200981464537,1.6100539141241148,291.84254982143784,0.904042947549617,0.35457898258291765,0.40514297668269333,0.23168922313856485,0.008588817595824002
98083.73265993093,79.5600845382688,6.2375599244636915,278.50867277803184,0.9123578219182216,0.2837857923916782,0.4251219886649123,0.2870213833935621,0.004070835549847489
100300.6123586657,76.90394010027535,-8.356735930793663,244.96068376205665,0.8892894632035095,0.29379816607701,0.4267673694212424,0.27467647566453485,0.004757988837212667
101072.43184860684,78.14927332628568,2.54360824036078,272.07875023740104,0.9068021610545045,0.3150579916820053,0.41643056274587426,0.2584772137923051,0.01003423177981523
100077.21681803514,76.29682357487411,-13.287144969049802,260.1350680936762,0.9119250751247798,0.3555809422313345,0.3960124830943361,0.24406377929159778,0.004342795382731601
102957.41130393163,76.96501150950304,-0.26226061348700325,320.4188543499563,0.8822141241599348,0.3636585386859887,0.37610333096015447,0.25172893810278696,0.008509192251069985
99894.85862203936,78.77080063563551,-8.189076414647898,273.4822837513533,0.9031965182591898,0.3233910305948536,0.36108310593027093,0.3058031816481184,0.00972268182675711
100884.95551330302,76.37303294221223,-6.505299425897666,279.4640961356897,0.8949582016899233,0.34020131993597347,0.42846391628531744,0.224530670214856,0.006804093563853079
101455.7405772861,78.81244855799693,13.210931752104374,288.0297075208093,0.8991847732689836,0.31540831515502493,0.4024592086060289,0.27460348207827184,0.007528994160674152
102766.27328906611,77.70775193545548,11.76310120594269,277.8720489274491,0.9034767648353834,0.3372087591252044,0.39933363977902053,0.25446814322670896,0.008989457869066032
99889.13784882057,76.43753322410574,6.9413812090717695,310.90102080861504,0.8951277143588645,0.2804618002484082,0.41012500849661643,0.2999609980012862,0.009452193253689184
102488.16375215496,77.63240773905552,-10.07312764672579,264.54701276531097,0.893242919208384,0.33036133961992165,0.39397281101525305,0.27057253458777947,0.005093314777045823
101335.2330610196,77.97255444962673,-2.314084496948019,280.8921491047449,0.9003415241748802,0.3142510524880447,0.42908769038708705,0.25521474270537303,0.0014465144194953964
100343.49134895205,77.6218099622172,12.980976999791833,262.150588286039,0.889127540611372,0.3017311513296966,0.4249064083235645,0.2689783503337423,0.0043840900129965225
101787.10347426328,75.42977528010954,2.2671691363990476,250.5995497755859,0.8891417487111481,0.306192528530194,0.3874357957446311,0.2988436829163861,0.007527992808788894
101524.05969557347,76.27286282417514,24.043295399816945,264.7646181818943,0.9067937328295651,0.3410951834273922,0.3698146805199588,0.2840821158198405,0.005008020232808586
100724.78312284121,76.7524813644485,4.783178393943719,276.25926405903175,0.8885120596484135,0.29079013777810075,0.476235611501345,0.22453552282984027,0.008438727890713918
101394.80208499002,76.92556657089996,2.770491164900316,268.4139555096548,0.9066631250090922,0.29528184154229464,0.43563259843064045,0.2649394711120949,0.004146088914970177
100939.68640313824,77.62067209755068,-2.2411646420250135,263.1515804025229,0.9046259129285396,0.34245676702214783,0.42066804412564746,0.22967088865842056,0.007204300193784116
101438.51734525125,77.17770100093325,2.185409047822823,248.8736507265633,0.882741932712094,0.3478794818142096,0.3863422703203906,0.2628645646051828,0.0029136832602171103
101987.13067452105,75.6646556412899,-0.674698363805439,275.33788854742613,0.8932243534766434,0.33805216274251065,0.38000516432690806,0.2736280143512826,0.008314658579298691
102911.01681614535,77.38019785100596,7.931086766885905,246.90559251937995,0.9119410940304737,0.2980626493143014,0.4375373643603864,0.25805135948203467,0.00634862684327747
100087.18450117315,77.61058574528383,10.41702316794584,292.2011192737921,0.8901883446886032,0.29198455079593455,0.42792802452404777,0.27696930352193894,0.0031181211580788228
103458.03337465627,77.55979044793104,-7.009894605079495,278.64879505869004,0.8953559573769061,0.32337979406754136,0.3638764697160794,0.3090033481720695,0.0037403880443097975
99372.9122004775,78.08078072555462,-12.462329535577782,247.84897001070138,0.9046206089325189,0.32988331594323916,0.43461295108818915,0.2272681207937208,0.008235612174850825
101173.21490496442,77.8339221545489,-17.512053731032964,270.81581845900274,0.907833905092826,0.3003914322773565,0.39366369906596604,0.29995419435394916,0.0059906743027282805
101913.31720648457,77.45918007922843,5.929913269125437,261.95687188818835,0.897484611139555,0.32316532772843304,0.4322838731865285,0.24158215989147383,0.0029686391935645814
101605.99186773504,76.92983428854136,-10.183666061738736,283.3834902083836,0.8940248980530836,0.32865666930172016,0.4233288407340815,0.23722067549968745,0.010793814464510927
100702.3004801794,75.339039066484,-20.678905929524827,303.8090089204629,0.914223698616985,0.3542913855011856,0.39595255911780536,0.24143928075106372,0.008316774629945354
101116.87774964272,77.42961821913259,4.7357860453096405,239.4965506070851,0.9173889966379758,0.3187206760076465,0.3904402340179061,0.281657455019456,0.009181634954991618
100831.99906534117,77.20768768716312,25.779995174327908,279.30052158294836,0.909788580507818,0.2811585930015197,0.4104790038551199,0.3032610720080294,0.0051013311353310855
100735.63524305579,77.27157883719538,0.7892908846010668,273.7973440886672,0.9008531814256503,0.25311052839503945,0.44950411583880223,0.2920844037255747,0.0053009520405835515
102174.60209702102,75.7232514241797,9.234907744516418,290.4268015290093,0.8919173427835908,0.3151271269193866,0.3886541124066539,0.2874911973302553,0.008727563343704175
101682.01548596505,75.91894345959173,1.66829358547565,281.26393256475376,0.8916955559344344,0.339838832596158,0.4125716108833089,0.24133258691809642,0.006256969602436602
100632.09040473934,78.0531528533329,-0.1388965319114267,261.9606133652236,0.9052251410526576,0.32522701224109424,0.42786795055110965,0.23941837245641007,0.0074866647513860745
102224.59987543325,76.96044484614335,10.040764829877686,270.6189212866676,0.9041839822088868,0.34022667568124665,0.38439263485299396,0.27204833928345373,0.003332350182305533
101632.29952087661,77.68150069737263,-2.0527454418865134,261.0794828639302,0.9140159859294643,0.3225066782140872,0.4300572760559807,0.24253368487552704,0.004902360854405084
102137.86211883897,77.02831837613046,3.5239231407190297,298.52014277197196,0.9065045009253614,0.3540531787475193,0.39638523056891595,0.2474019813783175,0.0021596093052472527
101954.62884192361,77.02975613949575,4.066978061960136,277.42623297343886,0.8849691969824018,0.3205116142720898,0.4275552266209766,0.24892030627979528,0.00301285282713839
100496.00498907793,77.938283805976,-5.830904536430488,315.02381371506016,0.9105194761772292,0.3268639522619632,0.38834065702751713,0.2836923632720769,0.001103027438442625
100764.81895980303,76.48395527178262,10.770423495365227,275.7867837237076,0.8900193937268559,0.3081496631060642,0.41691246194342063,0.27350072303414114,0.001437151916374143
102072.29360512327,77.09612077694098,-0.8995975669540864,262.83186466179075,0.8961602872804765,0.2870261466631158,0.4685932132475744,0.23378566052713093,0.010594979562178928
101935.37026543346,76.53772471129496,-6.707451594928448,246.72571214774345,0.902502002062517,0.3109357441041012,0.43571469233665944,0.25013033146109753,0.0032192320981418126
101304.09840603585,76.56550377256768,6.215098435704035,240.9372064748811,0.9199566748978396,0.30434678873079,0.4081668280817954,0.27984783230057547,0.007638550886839119
101442.32738330879,76.69082787653136,-8.134679817910373,245.3172811398902,0.9310991855600537,0.3489993197635777,0.3800883307115716,0.2621887655559632,0.008723583968887545
102602.66489578843,77.22213377163371,1.1318115736912824,282.34253302022967,0.9060672305913618,0.31883546158962833,0.44645632379719236,0.22854912061791333,0.006159093995266022
100733.42861116417,76.52125137833653,0.7588100335579645,287.1745004645987,0.8981680338127962,0.30058821156401516,0.43058336671504055,0.2665169893404763,0.002311432380468114
101872.09738117004,78.25575612557353,11.70895565831578,245.37618595935734,0.9053450564848056,0.33386967613584084,0.4204601273114255,0.2368372711071121,0.008832925445621594
101122.80734756611,76.1053926977805,5.596982328799528,294.9007662815223,0.9088765542587384,0.28606851823082546,0.44278688742561867,0.2639678958989098,0.007176698444646119
101107.31879677279,76.81312835583864,0.5997304125485607,267.33877896633123,0.8967933237444281,0.27443712719844554,0.41597413706642294,0.30137077167937376,0.008217964055757828
102423.77685198719,76.56026894172582,9.02766299200287,279.93586023971096,0.9179521135591232,0.29418115692296043,0.4398312622307104,0.25800975548465555,0.007977825361673614
102150.41634898803,78.44697788435373,14.752075490173134,309.2444125651085,0.902300707591914,0.30310230533023474,0.42025428029508405,0.2651755501440359,0.011467864230645311
102138.50963600064,77.19655477651158,6.428103063518622,294.93678631731063,0.904977430890914,0.32449023946349387,0.3876033042543231,0.28147056985833474,0.006435886423848239
102630.47880715433,78.03184453946864,0.953526198433806,271.6293870418834,0.9066592425205446,0.33012220865902886,0.4152160450600955,0.25068309257785426,0.003978653703021443
101346.00384163276,75.51443962696302,-12.268362323501597,259.17615549169426,0.9042158661061446,0.3452371671864432,0.3624207805299108,0.2853655131302877,0.006976539153358347
102006.95297129496,77.26705026586926,-9.801136630753726,233.96369197341392,0.9083894050046961,0.31900637909626195,0.40317377240932684,0.276188015083637,0.0016318334107742881
101014.73324340655,77.88963079562343,-2.2022470435466763,262.6169336151516,0.8938274681345308,0.28984073409679545,0.4214258565262493,0.2790302132827392,0.009703196094215962
101649.16635248844,77.08228398927542,-5.245122021592832,272.7773952234461,0.8944169824605397,0.34647496058640753,0.3950417035706186,0.2563461416158848,0.0021371942270891017
101194.85694563232,78.06548037506535,-1.01971302985446,257.2564094569763,0.8889984576702831,0.3581896469139028,0.41197784678842203,0.2256534756032869,0.004179030694388297
101421.99596499272,76.48271154989963,1.4164992489710717,274.3748606581539,0.9043950123062023,0.2972716615633928,0.44424954727709404,0.24928312161633323,0.009195669543179956
101920.15702543691,78.40934744018558,6.146927543567307,278.5370376591754,0.9077893650351212,0.34508063399818734,0.3902689778420564,0.2578543440691978,0.006796044090558368
100506.77931676652,79.29889812361925,0.14501221940908782,272.5028803638384,0.9045777286615189,0.29321778557371986,0.4284849229768875,0.2735171125114885,0.004780178937903991
103417.38727568545,76.63716143956034,5.715016438262019,263.9999483835308,0.9167449243334754,0.3246032841003232,0.42316369370747653,0.2470622737873467,0.0051707484048533515
100318.9826185003,76.55449747859923,1.4947441481012023,280.3730934393345,0.8999440398117096,0.3451507966204798,0.42044550034444245,0.22582641917821938,0.008577283856858424
100110.81138721226,78.4533844771177,-18.90466566353871,285.8388129913882,0.9066874165559251,0.3073780677261803,0.44391982137884095,0.24376948535695253,0.004932625538026223
102483.11087350007,78.57957214573071,-8.543353938187543,255.19201845114307,0.8890829912386069,0.35274867277033306,0.37890176033762585,0.25918464693756604,0.009164919954475194
102116.66269396294,76.47713997284673,-0.5908755572161547,305.2186475949254,0.896129002975256,0.3396244565761161,0.4098352841168689,0.2485899231271238,0.0019503361798912323
101949.11981705215,76.57981318290415,-11.246947428411076,275.02823735431474,0.9069553775756578,0.3422396608190529,0.38043977575315596,0.2694466806346766,0.007873882793114606
101953.34550926428,76.7182153911395,6.849287299962045,277.37699245889695,0.9084910211074315,0.3300435903964336,0.43506123854509293,0.22529117974521617,0.009603991313257263
101312.75322715308,75.65554948896572,16.157508323436975,291.16428846513116,0.8970603305233582,0.33017327105839067,0.41226900817556494,0.25495731934358074,0.0026004014224636877
100427.74562851417,76.0813480535158,13.037618516973167,281.66432262527,0.8992840074814193,0.2812949090776037,0.39044583775963765,0.3229096329613392,0.005349620201419579
101400.80455819373,75.99585923324793,-1.2844287093020799,296.0627326782649,0.8848212625331919,0.33086641940707184,0.4124830328044412,0.2537453971293831,0.0029051506591038882
100647.8382884879,76.23220243489587,15.75726136849952,282.7424833040365,0.8964297079919339,0.2850919366462361,0.4322341922329904,0.27450050658655456,0.008173364534218972
102300.11973341776,76.96531511261323,2.3366745720211157,264.7512525071912,0.9089038316351978,0.35382856557673503,0.4273179227609867,0.2129300086232054,0.00592350303907278
101177.94261849787,77.23421473253651,-2.5208597111803934,284.230070504122,0.9057520501610656,0.34184082449840725,0.38063820161499096,0.27059762749120025,0.006923346395401551
100499.50280320749,78.55050049281408,-5.284026635409398,254.12547585358675,0.9050066572138121,0.3328493262476367,0.4111789642412857,0.25322318964967766,0.0027485198613999857
101003.614158347,76.00164595926121,-2.1746968648812834,279.17119411553045,0.9004977368718097,0.35684950637174506,0.3902578195961001,0.24987663956491202,0.0030160344672429036
101737.93145427562,77.98432239847658,-3.0317681854122873,276.3354001871108,0.9000706315862818,0.271935780694585,0.4613872352105175,0.2652321783020792,0.0014448057928182366
100761.27544719602,76.78601115577449,2.554162223754877,272.8376628545492,0.8933967886052655,0.282435200689182,0.4302393288646412,0.283509608927605,0.0038158615185716655
100502.77960443357,76.95053629034757,2.455739810498646,274.4292497712214,0.9069882842020254,0.29809122920905706,0.4402655192302494,0.25464301206903983,0.007000239491653655
101568.68721149191,77.6748194921666,0.8804602015341447,239.3630190900472,0.9042097294438939,0.3170308558591933,0.43622772667240667,0.2365416076238837,0.010199809844516362
101569.96657110873,75.8772779784377,5.219381697463498,266.02550184518077,0.9049201884799281,0.2851299280034218,0.408604016851549,0.29895088060705644,0.007315174537972744
100818.05682462887,77.38240974618405,12.756462747863413,278.8568980228223,0.8947396515733242,0.3180297558495505,0.4006592764168501,0.27604254688343016,0.00526842085016922
100853.96169438168,77.16645220821306,10.345541354413237,280.197127839948,0.8784665708012875,0.27888130563509117,0.4202903107999049,0.29118024282827054,0.009648140736733372
101557.04993735763,77.49245126400815,-13.998979684499036,256.4464971814808,0.9109715271175369,0.270971346635064,0.45069182632861576,0.2705511985976395,0.007785628438680693
99876.91565850268,77.28916864390781,-24.689211349019548,302.314156817294,0.895211625439916,0.2737443956926346,0.42825282086844035,0.2883855366996635,0.009617246739261587
99917.53622562345,79.45530013991089,10.193199112392737,259.67650303570997,0.8913722423595688,0.27987488049711806,0.45717834641575117,0.2568695724685453,0.006077200618585465
100606.55577874757,76.36226001574869,-12.818786984154212,296.3891440105347,0.9069347891191399,0.3420661901143121,0.38381796297534904,0.2708359661408026,0.0032798807695362145
101111.55284828815,76.46900304499819,-1.3976540189268354,285.5438872374337,0.8960798736008088,0.3311143239820864,0.37144838011643283,0.2959383835582655,0.001498912343215239
101635.907565598,76.37685947357524,-10.851130260593596,264.07545380312393,0.9105993638404662,0.33494640835650125,0.40933797287914475,0.2484378920460329,0.007277726718321254
102800.35621694956,76.44452288083974,-17.169804375800197,312.5062178521902,0.906170059495767,0.3265682578445485,0.42885024694644297,0.24225784916082996,0.002323646048178488
102182.65962320202,76.36261287269349,6.26462728204788,253.1272633648704,0.9068356932320047,0.3001796167782653,0.45067113525788643,0.24512472090082488,0.004024527063023505
101165.06147003657,78.18901653110755,8.441551603026468,295.38308347220004,0.8863404428879946,0.353685244531503,0.4043367417394789,0.23576683403276677,0.006211179696251312
101305.98379209731,78.42050424798985,-4.915104007267194,297.0116463608596,0.912119439853864,0.32429250050387326,0.4109205849257033,0.2578108354322014,0.00697607913822198
100322.47063536219,76.42925370625052,-25.060422921449096,263.5875958184671,0.9026125053123386,0.2897182669122903,0.46495346938765514,0.23869924106938228,0.0066290226306724405
101306.48686400762,76.16764442689578,-4.612444482524828,304.84930600128655,0.896307228607538,0.3046678142343568,0.407657631858123,0.28489124199777416,0.00278331190974603
101036.34136107986,77.4714155563864,4.768040054025465,271.99906970802095,0.9014338846734226,0.26970325193437555,0.4603382192833004,0.26542774392814916,0.004530784854174894
101647.7185603381,76.44777695571904,-13.939115687741287,282.77387258559713,0.8822376476710169,0.28341790212477685,0.4603512753932118,0.24949126929925747,0.006739553182753865
100497.76905644768,77.6329318177555,2.6835991977915565,282.20643677542444,0.9040865281148067,0.2895320826395887,0.43539715605039664,0.26520610371749703,0.00986465759251753
101844.34651424117,77.2029230208513,0.6969015082700444,274.31382517058904,0.8897062849181793,0.33443983619593715,0.43827324276089336,0.21933297022546802,0.007953950817701522
102857.73891300258,75.48425588500277,6.642914996010884,293.21616546319564,0.8864732971415646,0.2905008898298493,0.46227379582183714,0.23667863175567147,0.010546682592642131
101216.23985154314,78.54750520133007,2.0458036841415326,292.86977441104426,0.8847764081378211,0.2906075027641127,0.468112384568712,0.23285309720771108,0.008427015459464286
101726.71172209895,78.79587767309552,-8.880689408815556,242.02936053523638,0.9111268837498993,0.3418485181054043,0.39147930801772357,0.2601374770183812,0.0065346968584908665
102015.14399171111,76.3872113095156,12.815715016644914,303.08680485756304,0.8937073660630721,0.29888864213334615,0.44802789211551963,0.250002789017154,0.003080676733980098
100923.77952811416,76.61229844006401,-0.7352957302697002,243.75016023928652,0.915337277099165,0.3051580377026882,0.44221663091568686,0.24511064595569193,0.007514685425933008
101549.09248181041,77.28586539072491,0.5769546049006814,297.65092408683313,0.894641985369477,0.345367164630323,0.40146618018393065,0.24638135921278612,0.0067852959729600495
101337.5924007818,77.33445678998703,-8.48267959073196,299.5341027365517,0.8829264204240705,0.2806919996807402,0.41523353666127094,0.2972845683719358,0.006789895286052986
101422.67609854884,77.65854427267283,-3.582822511915103,255.18067139569604,0.8888347556005134,0.3045333907570087,0.45163315180727504,0.2374567382587788,0.006376719176937431
100551.99021614454,79.01020453876635,-7.998027140269009,268.7837142409083,0.9123581162000695,0.30592674158132965,0.4165995536860758,0.2715716238244267,0.005902080908167902
101349.51017425895,76.82305277250595,-0.8794605992342298,254.88590663028128,0.8984410182206334,0.28416425909276827,0.44114658151850483,0.2706230523306814,0.00406610705804558
101822.99829124544,76.20170275546154,17.967084801423436,272.7015793942253,0.894517127035094,0.318430672614003,0.38476103439998355,0.2909105599129561,0.005897733073057371
102776.14360779503,75.62068077198548,-12.869011429313565,270.8393143162852,0.9016001822585279,0.3088022840588796,0.41448060532195347,0.2741205477269229,0.002596562892244083
102284.27082608521,76.26906996005808,-15.28561397876741,292.5932106453868,0.9050178273616755,0.29535175685892384,0.46916372124242156,0.22624864146437182,0.009235880434282794
103478.18245751156,76.9668730271262,15.561703274936084,303.20617492239217,0.9111739881590246,0.32142592954288407,0.4510703814016221,0.22471585525824317,0.002787833797250756
100557.65243711194,78.79455786351778,-1.243236771518661,304.9136762157991,0.9144849922989293,0.30159083019030136,0.4070225761849969,0.2896157908828895,0.001770802741812172
102197.32063672067,76.48238870096382,-5.840727386599166,265.75663946843395,0.8964023135421092,0.28034920166337934,0.45375315482121387,0.26067442461613854,0.005223218899268232
101508.34200573835,77.2237879516389,11.249046873960763,272.81556252510944,0.8867395231391796,0.33685421150135764,0.3791445219365994,0.2765344354369663,0.007466831125076571
103514.80293321767,76.98357710392725,-5.206155397368642,243.331236155581,0.8958653483887673,0.282896289178619,0.4404513972196674,0.27161434087264913,0.005037972729064394
100516.70171464485,78.18839327344809,19.110097135469363,260.8825986700762,0.9026028050658289,0.3232905476640138,0.38305116969072195,0.28988117059242696,0.0037771120528373625
100485.27815781922,79.52693242587362,7.629258713392691,296.2970326619492,0.8903624107378939,0.25915600841618436,0.44057027495328926,0.2942285108712033,0.006045205759323078
100725.60735455598,76.46913122707969,-4.029114081457027,309.31165647096464,0.8904284908510496,0.2821412051481825,0.4282249662406439,0.2857032961559973,0.003930532455176369
99201.10427569019,76.51056055748178,22.423082132655036,252.31302256240156,0.9034378788154989,0.2980954699714282,0.4029962748916973,0.2889282636121325,0.009979991524742084
100799.24497831924,78.04416087706907,-5.207149230033385,265.1507148169421,0.8995134764842955,0.35295821402547867,0.39417132708410463,0.2429864190070533,0.009884039883363529
100565.8673384463,77.68189148962631,8.27095372009307,276.47188486082143,0.9003279699541159,0.26205780716153265,0.43714551008109626,0.29513800476533575,0.005658677992035334
101475.39378647621,78.84670732573603,3.8429258040649192,282.60322317639213,0.8924150466529993,0.3331604993795762,0.42840985858937913,0.23391960579779483,0.0045100362332498
101666.75597577715,77.58392818532596,13.86741289398798,260.8079296015671,0.8976959928579423,0.30716472497543557,0.4532627519611626,0.23164617945212437,0.007926343611277444
103201.17083921589,76.64070790921294,16.465111967268527,285.4812208892818,0.890757668557317,0.3311591425617967,0.36995721414985944,0.2975175076157242,0.00136613567261968
102275.42383818605,77.59065483069232,1.1700414906576662,267.5232130585817,0.9089019841112479,0.3412400692140441,0.40247412512904146,0.25043296365169504,0.00585284200521941
100748.0963443376,78.10870358058291,-6.684178703461835,276.7109545824344,0.9103524933472376,0.31968522542040473,0.45210690731680686,0.22414327143097226,0.004064595831816133
100426.58532865164,77.82048218119736,5.449721429391164,287.92568496007397,0.8815381213776191,0.3384730524891507,0.43109879325920214,0.22083823937042407,0.009589914881223084
101816.91917150651,77.5072740311073,-5.927153697521062,277.12844539621875,0.890704891398076,0.3178101218152179,0.41088678141572116,0.2702557409829549,0.0010473557861059737
100004.76679297935,78.06667468958915,20.98387247526623,268.2722821894686,0.8850347074490992,0.30592198929670283,0.41577761781142086,0.2718040641457787,0.006496328746097672
103156.45876585436,78.16929559044567,2.2153533108273744,274.80780392148336,0.8934997606559311,0.30483690588770807,0.41907072697195447,0.26840028751576356,0.007692079624573874
102504.4401207213,78.38215899103753,-2.8032155131210867,275.2327408158933,0.8991656203020965,0.3433828271571716,0.42091222820051094,0.23018924151566633,0.005515703126651059
100855.8243478953,77.64870988758965,2.6968030586490843,269.59977940235746,0.8855035478030148,0.3365490703552105,0.3957388444850746,0.2660062871941431,0.001705797965571821
99611.86547090912,76.83288191968315,-12.621262895296965,271.82407874665796,0.8907814018687469,0.3249910051817383,0.4010260168164778,0.2646325021491588,0.009350475852625122
102678.87237416541,77.14671368643333,-8.866140385106515,308.97294341009433,0.889960426279185,0.3082281310890694,0.4374559159355444,0.24823816606088972,0.006077786914496476
101210.46015474739,78.20650896650835,12.854139079444254,288.2183889588248,0.9020726732939894,0.2961660169923854,0.4317561623731881,0.26490469850010023,0.007173122134326398
102562.81631197347,76.18306432901277,-5.7189427897139575,271.0903936394168,0.9006934433703625,0.33192236635126343,0.4192534704611012,0.24534938674340304,0.003474776444232455
99730.57234120564,77.3686733088729,-9.619109826819397,290.93908809021474,0.8927826244666275,0.30754740112029905,0.40497726670216017,0.2823981679036225,0.00507716427391826
100725.62497704623,76.60666118767264,6.216527525272861,270.3236102048798,0.901768208721394,0.31791645609159763,0.3958616484264596,0.28105636850463367,0.005165526977309077
101330.24369971818,77.02874482293481,12.707041546629968,300.46249275173284,0.8945331991541273,0.2945822043611887,0.41398528267517753,0.2897794149214208,0.0016530980422128742
101371.98059376475,78.2784518626073,8.039533106650667,284.3928438439619,0.8972834488967395,0.35533868510115263,0.39739544875853233,0.24518439026415056,0.002081475876164513
100874.93452852075,77.19109906801991,10.810476858058163,274.85395711991544,0.9167345209029854,0.29038000175685297,0.4186453483994108,0.2823109042187515,0.008663745624984677
101947.8499323475,77.04643654815615,-6.7179508856946075,285.95433851620555,0.9134046105179034,0.32292318635188344,0.4082035301112646,0.26583763971595437,0.003035643820897591
100257.3795706174,75.64014385902009,-13.368106667418438,245.58247695863002,0.8870041876307241,0.3110638540928603,0.39794810926869956,0.28804024979121473,0.002947786847225273
101182.62051497871,77.74625356602722,15.863336519554867,254.46465062180388,0.9082973241787917,0.30057984192731835,0.37834476673607204,0.315183105879594,0.005892285457015607
101445.2956317119,77.64548418114107,-2.3767983884213573,253.1214998720189,0.908113965544916,0.3261300196205839,0.4008712194834783,0.2642562338373993,0.008742527058538462
101839.43883405875,79.16325472330546,-1.6583301645504736,279.8588618952741,0.8885173671124739,0.34288358700718413,0.43154079934846123,0.22393865955986342,0.001636954084491345
102036.61487808889,76.692221765047,14.131941418490578,311.6502999897018,0.9081877764375487,0.2704689559570381,0.44797765424417774,0.2751765985377738,0.006376791261010244
100200.35790816213,77.21915032766394,6.412300094006599,321.62600292385264,0.9153793191841255,0.29988686843394635,0.39426287613989636,0.30354485097618317,0.002305404449974084
99790.88582926437,77.24938368371076,5.408877720816076,289.76102202881515,0.8887745519375558,0.3359417561554359,0.4121254377916715,0.2506400695796088,0.0012927364732837458
102602.67682189851,78.57745327976347,22.50002344901084,287.01688949888916,0.8908249717898574,0.30617724576696775,0.4395918683107295,0.2525432774723973,0.0016876084499054251
101657.31401197959,76.90470446761304,-5.58518230380143,240.9788453169452,0.910176614668435,0.31836813217103516,0.4128908845702102,0.2599119405409433,0.008829042717811259
100576.51346344345,77.27902152577033,10.128401280812371,266.1465240053196,0.9027149531082566,0.3129072579360535,0.45004247293663063,0.23495520127310263,0.002095067854213229
102876.15197552252,77.60789650971654,1.4201312489708449,261.2443249618352,0.9055147627523953,0.3227446570463468,0.41368016110598665,0.26205694463289325,0.001518237214773287
101440.67463429285,77.18660912315636,3.5359227886325693,264.58304803497765,0.903405892164005,0.32073816439865444,0.40443177074184916,0.2697905500719339,0.005039514787562617
102504.29718406382,76.55356638544947,16.13468426412532,273.6371236283042,0.9039069592092814,0.300817850809619,0.38719614781668077,0.3025135592318035,0.00947244214189681
101392.51848141011,77.19408999289831,5.928357562896237,267.55818844605744,0.8867352787168892,0.3429918128365068,0.40242219088391257,0.2508088763937434,0.0037771198858372506
103385.74792488199,78.07363174985977,6.232960790496329,237.41400379248424,0.9104731770662146,0.31617781099722686,0.41375751255487003,0.26478573528813604,0.005278941159767141
103080.3408424432,75.97348470058894,11.575073373098022,291.9582051223507,0.9116958999242778,0.3523819295545444,0.3931948803333765,0.25290818647084096,0.0015150036412382988
101076.03585152092,77.13296967414688,-2.7995272954288533,255.54513948520386,0.8977060925593198,0.292765099596837,0.457940226921395,0.2437062190453471,0.005588454436420919
102296.57095095435,76.29987918506083,-7.5420966733900645,281.784937282223,0.8995652305018614,0.3119970726902924,0.3989168655253152,0.28278844998509645,0.006297611799295901
101970.37594958514,78.19504662892484,-9.598091940210336,318.48165339499946,0.8846889249744428,0.27671646235803227,0.417160386612405,0.29979778836654913,0.006325362663013611
102693.63155753235,75.47681309521623,-18.813565893760018,258.6123081682715,0.9051425475601784,0.3134948508392304,0.4145847254443401,0.26741670974915244,0.004503713967277034
100360.0765394199,76.44107815272841,21.412071299403223,226.39424954507342,0.9057205744171415,0.2921986957003754,0.4079752785077113,0.29569912651738817,0.004126899274525247
102011.05145999845,77.37721187506452,-10.18208365721683,271.2799155623978,0.8993780898300069,0.2747893141576495,0.4264791856977511,0.29672436949255765,0.002007130652041617
102383.42448684959,78.56552402923434,-1.36253623585772,299.0191926999714,0.911243533598705,0.3113917907717067,0.4180936442466669,0.2664872947722113,0.004027270209415072
99566.26051357688,76.93424973892701,-1.9181329988892064,316.1669490844119,0.8966592276902006,0.32627579337987067,0.4158423027184301,0.2556618571215862,0.0022200467801130708
100141.74148733422,76.4448004733068,3.9240669780910076,252.40900811095167,0.905646059258936,0.31578263644333676,0.404539556807289,0.27239916147191134,0.007278645277462809
99285.7678222399,78.88115706944059,9.007372125392967,286.93398446473043,0.8898033566130789,0.3462845403377812,0.4068561459431336,0.23718263274288706,0.009676680976198015
101055.59316555545,75.55198609958376,9.454734883597453,267.6937908643989,0.8997644784912576,0.32086794179582406,0.4245753558750949,0.24439064796458781,0.01016605436449325
102042.54225579597,74.80119404337992,-4.980774385689385,274.8810329139173,0.8982564574209717,0.3005607402800062,0.4549096357006457,0.23453863912023978,0.009990984899108357
102827.35705209603,77.44001445005333,-0.821217137864115,329.8868669403407,0.9022530792204094,0.31960066595288494,0.39685565532970846,0.2764200452563127,0.007123633461093913
101399.09478041978,76.4979457756474,3.675799504882997,246.94059343209693,0.8963047307116664,0.36359879923047705,0.39580985005474556,0.23253398304360678,0.008057367671170644
102953.61554557129,75.97876718286929,-1.6369112618354706,282.0747932298915,0.8986852740432834,0.3099040579008027,0.44322151806125043,0.24301941409066036,0.0038550099472865608
99944.8985417851,77.70835644729935,16.92345576019993,286.35386343530865,0.908260471714415,0.2935892977485599,0.4358936313569961,0.26293971003974514,0.007577360854698879
99621.61756064485,77.2438007137712,5.759749516382513,298.7157264987869,0.8956323576276178,0.29580202357412894,0.42745462007868257,0.2718073186591439,0.00493603768804451
101269.45230110337,76.43592136926327,8.198777860498174,278.9596630694179,0.8839342289926132,0.3285785609293144,0.38372960317161026,0.2824483672370484,0.005243468662026967
101709.0654489393,75.71969560132911,7.478812686674127,283.16101079008206,0.9174958390420542,0.35364494929203294,0.3909153104102388,0.24704908072627504,0.008390659571453287
101292.30525190591,77.87245732828015,12.58473857485325,269.1670286515642,0.9138145407869049,0.2734205843141058,0.43078050086308906,0.29218352567136063,0.0036153891514445567
99257.55789996013,77.65020117795866,2.6602155870370696,282.38253882490216,0.8870773730489439,0.32171704008488133,0.38464449243986876,0.28972205370481974,0.0039164137704301065
101235.87996048722,76.90082413622062,-12.118319479558465,270.1361544900518,0.906897078052452,0.28327245493764736,0.4191520195609807,0.28786922788064523,0.00970629762072667
100020.53049949514,78.84663699604766,4.846879517526416,289.431437797121,0.8949702522944866,0.29943475796933433,0.4624286512878663,0.23647757712693918,0.0016590136158602987
101994.67254883004,75.92991523367385,-5.66356893791829,269.6077932791273,0.9026348721533106,0.320779085991295,0.41834104149153994,0.25577384295086725,0.005106029566298034
101691.59824609685,75.47447482907526,-4.436166817497568,284.5420078780437,0.902942241290135,0.272810700866488,0.42585333297663985,0.29219302139125586,0.009142944765616062
100385.12021367265,76.30809193011875,6.713640187550932,276.41474372630046,0.8976559219968367,0.2852507567218736,0.4311268611026246,0.2769193653509226,0.006703016824579131
100811.1330826633,76.9544139836445,13.232830714336357,299.5210050154434,0.892162343344136,0.2756731695136846,0.46076466696756313,0.25703850412047063,0.00652365939828173
100265.78647811105,77.24333944932269,1.0627157673606165,275.97212552823026,0.8930945894768374,0.3256795199196142,0.429572464400322,0.24161003746636706,0.0031379782136967817
101262.32090272683,76.75876394214367,3.938330125989638,241.53935063586238,0.8908380808451876,0.3368370088413593,0.38831806147520487,0.2706613356261884,0.00418359405724751
102280.14232050124,77.3520553965143,17.87214944635238,302.23843001427986,0.8916817779176955,0.3389802790416282,0.37949572279713867,0.2721280285406775,0.00939596962055575
100339.27395366445,75.74846057580956,3.257531794885683,258.88535398274763,0.8993282170995065,0.3531936691945129,0.40988355033908225,0.2303669953137258,0.006555785152679065
101829.04651551784,78.44376460407327,26.86683114180395,263.9246732270236,0.8928424001088925,0.3034960144470663,0.42546928805290357,0.2645887527541408,0.0064459447458894955
100794.74238162756,76.91784882160744,6.505096456315441,265.08677411913015,0.9068205206571263,0.2975726720329854,0.4186317684507119,0.28188818709088304,0.0019073724254196104
100532.12716773765,78.11729583158812,-16.757627591558176,304.48876186341636,0.9148724615533593,0.28923510584352713,0.41933444946042764,0.2902696842962281,0.0011607603998169975
101217.96964004544,77.3427253463777,8.383416211045326,234.28651572042608,0.8941994675862996,0.29074073983140813,0.45884291835901214,0.2395735278127979,0.010842813996781907
100289.75767758062,77.45675321915378,4.661583848827777,339.75497067319986,0.9023940450053538,0.31437289379475497,0.37018195688425454,0.3108204318426102,0.004624717478380323
100771.35069465282,77.5697672802322,13.747527540827456,298.12113618132105,0.9049968511030294,0.34062191091937094,0.42108275080700797,0.23189371053257163,0.006401627741049378
100127.12210741115,77.44770856001732,7.581813512699584,281.4647782825832,0.9047200227091927,0.28088436524175053,0.42281295928848084,0.2944035038275994,0.0018991716421692265
103289.72513291638,77.64272275986754,-0.5345598398377381,275.90211998767427,0.9007595526791609,0.2854306364789478,0.4258825821869273,0.28137782588763266,0.007308955446492239
101360.26355197173,78.32915253013243,-11.392982362893658,282.71108149715315,0.9074268241835972,0.2799939904145907,0.41950153603874246,0.29079081927783906,0.009713654268827745
100625.27449200742,77.19652116970147,-1.2402325728602528,287.42244856758674,0.9048224895268066,0.2855675653563547,0.4007671806858586,0.30721896122243647,0.006446292735350197
101538.97991073423,77.70900375758852,-7.655204542093001,289.90431171900116,0.887623375776727,0.36347792544483676,0.38759384149230786,0.24665141320515466,0.002276819857700733
101212.67195030917,76.91026430571277,-4.955234498047227,288.11208932006895,0.9086915606438928,0.3129768762697245,0.3790241999220824,0.30142372181876126,0.006575201989431837
101104.03040046677,78.44011721544948,6.7357840442060954,278.79161362510496,0.9088729083726674,0.31196370948949426,0.45554286294390856,0.2241880745298939,0.008305353036703201
101939.16670004342,76.32360769794073,17.549045043514063,273.05323159385347,0.8923671389582142,0.3125973841179732,0.42359989925212105,0.25933724715599554,0.004465469473910127
102082.5077100473,78.80094043291082,4.7967152982298105,273.97453432692976,0.900379378354476,0.27549248124653236,0.4306795114807489,0.284572034940186,0.009255972332532713
100794.49885238947,76.95984204935566,-11.108830620351844,273.1018343929464,0.9068332899281107,0.3199451651551445,0.38593870525172835,0.2867922675399634,0.0073238620531636545
100749.18175935531,75.56922489788195,5.296026682201407,299.6754019373413,0.8979068618042064,0.3193354031931727,0.4252770384541115,0.24547695016181273,0.009910608190903171
101049.94830284835,77.1281044149108,12.81631486645651,288.87113444561726,0.9107297804776602,0.30169587154421573,0.411976199887771,0.27988706902939015,0.006440859538623113
99023.07883526442,76.31894834252512,-5.247829043193822,218.1922273067144,0.9236387249461936,0.35100693190332893,0.4292676175040232,0.21753730600101817,0.0021881445916296723
99809.80893780144,77.84064354898872,-0.490171666729177,290.11801553059524,0.8921401396736502,0.3641146378818835,0.40295670803042244,0.22871086616761155,0.004217787920082592
102691.87426744452,76.34737602069761,0.9968819472919709,280.8947238943755,0.8861895539684623,0.31693098124064284,0.3827879839086486,0.2972010901212382,0.003079944729470366
102969.96771350129,76.55381656678522,-6.998983130822401,276.62582487108205,0.9030381859560488,0.32923381382986217,0.4167560733679656,0.24492781872021582,0.009082294081956523
101075.96396044362,75.11045926905447,7.33280433843859,269.2296309382223,0.9072156250512614,0.28247001203282845,0.4078965652713329,0.301337563859747,0.008295858836091602
101901.55696305577,76.54769368075092,-0.3594814860778156,299.48225439972026,0.8976913362615523,0.2895526445020678,0.4296129615238347,0.2727243029907784,0.00811009098331908
101636.25015454354,74.57612067337104,5.045324439070277,295.95052924245715,0.9145326066332103,0.321089996341999,0.4170744197630036,0.2574323736925296,0.004403210202467901
104403.88080845524,75.41609717651427,-8.024921778021001,261.5424466435278,0.8866139420027676,0.29151211003296107,0.4146568840331063,0.29110473330300324,0.0027262726309294338
102444.57491143458,77.76041465614429,-3.524583003234104,285.1410457424907,0.9069291862303162,0.30139800077669576,0.43560636248870205,0.25517876085312124,0.00781687588148094
101197.08240851923,77.78580015865083,8.073813578277713,257.56686530917426,0.893941391792411,0.31739646715389463,0.45418230595554554,0.22305431944055865,0.005366907450001079
100369.45955939958,77.42545756178497,-2.8783315209176696,249.40763670422137,0.917193779062073,0.33348852382878863,0.3975479414113508,0.26599874601659074,0.0029647887432697534
99718.55367974243,76.03302385687078,18.119638512334053,264.4656555082007,0.9199251535316813,0.3134962541660692,0.418132768150097,0.261549137251798,0.0068218404320358
101528.46363586723,76.95228864385803,-3.1463618561460236,294.24786944765515,0.8923334341221666,0.3260740933285661,0.3894990493537186,0.2829460186199341,0.0014808386977812468
100568.6492547157,76.99639746090944,3.0968472575188595,296.0625009075217,0.8945044286409142,0.28026590386796274,0.4449619079436329,0.27044712775529145,0.004325060433113025
99902.74629040233,75.84163531080746,10.1759083187309,287.26170840194584,0.9085958788697981,0.2726951744940287,0.417391908945684,0.30430067239497455,0.005612244165312733
100678.42711575747,78.50339830176715,-13.333657329330316,291.5019157369599,0.8961286935021049,0.30477543376576893,0.410255100483091,0.28264044324247894,0.0023290225086610473
100243.4519963856,77.87736229057568,-16.75808811980776,287.3235657422992,0.8995458878206777,0.3049512443987438,0.4036078452017857,0.2812053321230669,0.01023557827640359
103012.14163507256,76.77903582617034,-14.406563145700948,264.17036809554094,0.9002538842054241,0.3624147214142112,0.4059497554755741,0.22850770650225308,0.0031278166079616396
102206.63975694944,77.02688583899453,13.47584103427182,285.6384508934788,0.8808032684380235,0.29186181543745143,0.39434778155611105,0.31140654690544967,0.0023838561009877426
101317.02735868338,77.20838280794756,-4.668581458924468,293.0081905045536,0.8998616225390577,0.27933508861199613,0.42204061049671215,0.29549149354626103,0.003132807345030614
102804.94413889003,74.95826513157571,26.431992856682523,292.0858265962715,0.8931027222593583,0.31635518577539007,0.3858264791540232,0.28932057128427097,0.008497763786315735
101402.36830764762,76.75282261747941,-4.792475986573886,300.77826742949287,0.8950687717760023,0.3101728892849648,0.4166146792372355,0.2677402579578242,0.00547217351997543
100463.71579867174,76.3180157520022,2.6955130319703695,291.16607694402126,0.9144363200346881,0.25554619032500314,0.44976278453080415,0.28858831717874234,0.006102707965450247
102848.12407726966,75.99837999010508,16.271099525678757,284.02896415083165,0.8874349310572075,0.3255208881810654,0.3981544300135048,0.27512431162369566,0.0012003701817341313
101863.91004368466,76.71889970711405,20.910928881591232,298.40300476632854,0.9081320518674798,0.29781584230807273,0.4597788729865202,0.2409115468036926,0.0014937379017145335
100287.75384567355,78.79768652684952,21.46503576636398,276.4695748150188,0.897210370696682,0.31271322140062924,0.44000893064418756,0.24223508090302293,0.005042767052160266
101134.66132191638,77.640842861267,12.933662305931424,259.3625069754456,0.8972023983150417,0.2714146583908204,0.4387419884616789,0.2816943277912855,0.008149025356215188
100449.38174661524,76.4288210102172,11.090625258114624,273.73866072112475,0.9079037189605171,0.3006266041714543,0.4590889822130966,0.23020112276603452,0.010083290849414525
99942.20026903566,77.57258278135616,6.77526949201183,262.101947103871,0.9034005129456889,0.2831211657611165,0.4239784598813563,0.29115002422411873,0.0017503501334085179
